Workbook

Sheet Лист 1
A1: Ценовой лист | C1: Остатки | D1: от 26.01.2026
A2: К договору поставки | C2: Остатки | D2: от 26.01.2027
A3: Тип | C3: Основной
A4: Цены действуют | C4: с 01.02.2026 | D4: по 01.09.2027
A5: Комментарий для себя
A6: Сообщение покупателю | C6: Актуальные остатки 29.06
C8: Наименование | D8: ИНН | E8: КПП | F8: GLN
A9: Покупатель: | C9: ТС «ВсеИнструменты.ру» | D9: 7722753969 | E9: 997750001 | F9: 4607977269995
A10: Поставщик: | C10: ООО "ШАЙН СИСТЕМС" | D10: 5407951552 | E10: 540501001 | F10: 4652245476995
A12: № | B12: Штрих-код | C12: Наименование | D12: Код сети | E12: Артикул | F12: Суббренд | G12: Функциональное название | H12: Наименование производителя | I12: Новая цена без НДС | J12: Ставка НДС | K12: Действующая цена с НДС | L12: Новая цена с НДС | M12: Валюта новой цены | N12: РРЦ | O12: Валюта РРЦ | P12: МОЦ | Q12: Валюта МОЦ | R12: Ед. изм. | S12: Количество в упаковке | T12: Срок годности | V12: Категория товаров | W12: Ширина | X12: Высота | Y12: Глубина | Z12: Ед. изм. размеров | AA12: GLN склада | AB12: Остаток на складе | AC12: Срок изготовления, дней | AD12: Признак опасности | AE12: Квант поставки | AF12: Страна производства | AG12: Вес брутто, кг | AH12: Код ТН ВЭД | AI12: Данные о сертификатах и декларациях заполняются на вкладке "Сертификаты и декларации"
A13: 1 | B13: 2037427400104 | C13: Shine systems Glass Towel - безворсовая микрофибра для стекол 4040 см SS902 | D13: SS902 | E13: SS902 | F13: Shine Systems | H13: Shine systems Glass Towel - безворсовая микрофибра для стекол 4040 см SS902 | I13: 82.786885 | J13: 0.22 | K13: 101 | L13: 101 | M13: ₽ | N13: 150 | O13: ₽ | S13: 1 | W13: 400 | X13: 400 | Y13: 1 | Z13: мм | AB13: =_xlfn.XLOOKUP(D13,nomen!A:A,nomen!C:C,0) -> 1467 | AF13: Россия | AG13: 0.05
A14: 2 | B14: 2038480134739 | C14: Shine systems Универсальная микрофибра без оверлока edgeless 40x40см 400 гр/м2 (цвет серый) SS446 | D14: SS446 | E14: SS446 | F14: Shine Systems | H14: Shine systems Универсальная микрофибра без оверлока edgeless 40x40см 400 гр/м2 (цвет серый) SS446 | I14: 82.786885 | J14: 0.22 | K14: 101 | L14: 101 | M14: ₽ | N14: 150 | O14: ₽ | S14: 1 | W14: 220 | X14: 80 | Y14: 80 | Z14: мм | AB14: =_xlfn.XLOOKUP(E14,nomen!A:A,nomen!C:C,0) -> 1430 | AF14: Россия | AG14: 0.02
A15: 3 | B15: 2000000016801 | C15: Shine systems Edgeless Towel – универсальная микрофибра без оверлока 4040см, 400гр/м2 SS996 | D15: SS996 | E15: SS996 | F15: Shine Systems | H15: Shine systems Edgeless Towel – универсальная микрофибра без оверлока 4040см, 400гр/м2 SS996 | I15: 82.786885 | J15: 0.22 | K15: 101 | L15: 101 | M15: ₽ | N15: 150 | O15: ₽ | S15: 1 | W15: 215 | X15: 215 | Y15: 20 | Z15: мм | AB15: =_xlfn.XLOOKUP(E15,nomen!A:A,nomen!C:C,0) -> 925 | AF15: Россия | AG15: 0.07
A16: 4 | B16: 2037427399323 | C16: Shine Systems FastQuartz быстрое супергидрофобное покрытие, 750 мл SS765 | D16: SS765 | E16: SS765 | F16: Shine Systems | H16: Shine Systems FastQuartz быстрое супергидрофобное покрытие, 750 мл SS765 | I16: 459.01639 | J16: 0.22 | K16: 560 | L16: 560 | M16: ₽ | N16: 890 | O16: ₽ | S16: 1 | W16: 70 | X16: 70 | Y16: 230 | Z16: мм | AB16: =_xlfn.XLOOKUP(E16,nomen!A:A,nomen!C:C,0) -> 725 | AF16: Россия | AG16: 0.8
A17: 5 | B17: 2037427399569 | C17: Shine systems Heavy Duty Trigger - распрыскиватель химически стойкий SS816 | D17: SS816 | E17: SS816 | F17: Shine Systems | H17: Shine systems Heavy Duty Trigger - распрыскиватель химически стойкий SS816 | I17: 104.09836 | J17: 0.22 | K17: 127 | L17: 127 | M17: ₽ | N17: 190 | O17: ₽ | S17: 1 | W17: 58 | X17: 32 | Y17: 58 | Z17: мм | AB17: =_xlfn.XLOOKUP(E17,nomen!A:A,nomen!C:C,0) -> 1199 | AF17: Россия | AG17: 0.022
A18: 6 | B18: 2037427400135 | C18: Shine Systems IronOFF бескислотный очиститель дисков с индикатором, 750 мл SS907 | D18: SS907 | E18: SS907 | F18: Shine Systems | H18: Shine Systems IronOFF бескислотный очиститель дисков с индикатором, 750 мл SS907 | I18: 304.91803 | J18: 0.22 | K18: 372 | L18: 372 | M18: ₽ | N18: 590 | O18: ₽ | S18: 1 | W18: 70 | X18: 70 | Y18: 210 | Z18: мм | AB18: =_xlfn.XLOOKUP(E18,nomen!A:A,nomen!C:C,0) -> 749 | AF18: Россия | AG18: 8
A19: 7 | B19: 2037427400142 | C19: Shine Systems IPA антисиликон обезжириватель на спиртовой основе, 750 мл SS912 | D19: SS912 | E19: SS912 | F19: Shine Systems | H19: Shine Systems IPA антисиликон обезжириватель на спиртовой основе, 750 мл SS912 | I19: 181.96721 | J19: 0.22 | K19: 222 | L19: 222 | M19: ₽ | N19: 350 | O19: ₽ | S19: 1 | W19: 70 | X19: 70 | Y19: 225 | Z19: мм | AB19: =_xlfn.XLOOKUP(E19,nomen!A:A,nomen!C:C,0) -> 399 | AF19: Россия | AG19: 0.8
A20: 8 | B20: 4673746970348 | C20: Shine systems Black line perfectglass - бесспиртовой стеклоочиститель, 400 мл SSBL983 | D20: SSBL983 | E20: SSBL983 | F20: Shine Systems | H20: Shine systems Black line perfectglass - бесспиртовой стеклоочиститель, 400 мл SSBL983 | I20: 98.360656 | J20: 0.22 | K20: 120 | L20: 120 | M20: ₽ | N20: 190 | O20: ₽ | S20: 1 | W20: 220 | X20: 80 | Y20: 80 | Z20: мм | AB20: =_xlfn.XLOOKUP(E20,nomen!A:A,nomen!C:C,0) -> 442 | AF20: Россия | AG20: 0.4
A21: 9 | B21: 2037427399637 | C21: Shine Systems GlossyGlass экспресс очиститель стекол, 5 л SS827 | D21: SS827 | E21: SS827 | F21: Shine Systems | H21: Shine Systems GlossyGlass экспресс очиститель стекол, 5 л SS827 | I21: 284.42623 | J21: 0.22 | K21: 347 | L21: 347 | M21: ₽ | N21: 550 | O21: ₽ | S21: 1 | W21: 170 | X21: 130 | Y21: 250 | Z21: мм | AB21: =_xlfn.XLOOKUP(E21,nomen!A:A,nomen!C:C,0) -> 86 | AF21: Россия | AG21: 5
A22: 10 | B22: 2037427399460 | C22: Shine systems Easy Dry Plus Towel - супервпитывающая микрофибра для сушки кузова 5060см, 600гр/м2 SS800 | D22: SS800 | E22: SS800 | F22: Shine Systems | H22: Shine systems Easy Dry Plus Towel - супервпитывающая микрофибра для сушки кузова 5060см, 600гр/м2 SS800 | I22: 213.11475 | J22: 0.22 | K22: 260 | L22: 260 | M22: ₽ | N22: 390 | O22: ₽ | S22: 1 | W22: 255 | X22: 35 | Y22: 255 | Z22: мм | AB22: =_xlfn.XLOOKUP(E22,nomen!A:A,nomen!C:C,0) -> 1087 | AF22: Россия | AG22: 0.192
A23: 11 | B23: 2037427399972 | C23: Shine Systems ResinOFF очиститель древесных смол, 750 мл SS876 | D23: SS876 | E23: SS876 | F23: Shine Systems | H23: Shine Systems ResinOFF очиститель древесных смол, 750 мл SS876 | I23: 200.81967 | J23: 0.22 | K23: 245 | L23: 245 | M23: ₽ | N23: 390 | O23: ₽ | S23: 1 | W23: 70 | X23: 70 | Y23: 210 | Z23: мм | AB23: =_xlfn.XLOOKUP(E23,nomen!A:A,nomen!C:C,0) -> 348 | AF23: Россия | AG23: 8
A24: 12 | B24: 2037427399583 | C24: Shine systems Wash Sponge - губка крупноячеистая для мойки кузова 20126см SS819 | D24: SS819 | E24: SS819 | F24: Shine Systems | H24: Shine systems Wash Sponge - губка крупноячеистая для мойки кузова 20126см SS819 | I24: 159.01639 | J24: 0.22 | K24: 194 | L24: 194 | M24: ₽ | N24: 290 | O24: ₽ | S24: 1 | W24: 290 | X24: 200 | Y24: 10 | Z24: мм | AB24: =_xlfn.XLOOKUP(E24,nomen!A:A,nomen!C:C,0) -> 3200 | AF24: Россия | AG24: 0.062
A25: 13 | B25: 2037427398548 | C25: Shine systems EasyFinish - мелкоабразивная полировальная паста, 200 мл SS585 | D25: SS585 | E25: SS585 | F25: Shine Systems | H25: Shine systems EasyFinish - мелкоабразивная полировальная паста, 200 мл SS585 | I25: 411.47541 | J25: 0.22 | K25: 502 | L25: 502 | M25: ₽ | N25: 690 | O25: ₽ | S25: 1 | W25: 45 | X25: 45 | Y25: 180 | Z25: мм | AB25: =_xlfn.XLOOKUP(E25,nomen!A:A,nomen!C:C,0) -> 0 | AF25: Россия | AG25: 0.209
A26: 14 | B26: 2037427399668 | C26: Shine Systems AntiGraffiti деликатный очиститель краски, клея, скотча, 750 мл SS830 | D26: SS830 | E26: SS830 | F26: Shine Systems | H26: Shine Systems AntiGraffiti деликатный очиститель краски, клея, скотча, 750 мл SS830 | I26: 439.34426 | J26: 0.22 | K26: 536 | L26: 536 | M26: ₽ | N26: 850 | O26: ₽ | S26: 1 | W26: 72 | X26: 72 | Y26: 220 | Z26: мм | AB26: =_xlfn.XLOOKUP(E26,nomen!A:A,nomen!C:C,0) -> 32 | AF26: Россия | AG26: 0.8
A27: 15 | B27: 2037427398593 | C27: Shine systems Glass Applicator - аппликатор для чистки стекла и хрома 654 см SS590 | D27: SS590 | E27: SS590 | F27: Shine Systems | H27: Shine systems Glass Applicator - аппликатор для чистки стекла и хрома 654 см SS590 | I27: 98.360656 | J27: 0.22 | K27: 120 | L27: 120 | M27: ₽ | N27: 180 | O27: ₽ | S27: 1 | W27: 50 | X27: 40 | Y27: 50 | Z27: мм | AB27: =_xlfn.XLOOKUP(E27,nomen!A:A,nomen!C:C,0) -> 10959 | AF27: Россия | AG27: 0.014
A28: 16 | B28: 2037427398494 | C28: Shine systems AbrasivePrep - абразивный очиститель стекла, 200 мл SS579 | D28: SS579 | E28: SS579 | F28: Shine Systems | H28: Shine systems AbrasivePrep - абразивный очиститель стекла, 200 мл SS579 | I28: 305.7377 | J28: 0.22 | K28: 373 | L28: 373 | M28: ₽ | N28: 590 | O28: ₽ | S28: 1 | W28: 160 | X28: 45 | Y28: 160 | Z28: мм | AB28: =_xlfn.XLOOKUP(E28,nomen!A:A,nomen!C:C,0) -> 998 | AF28: Россия | AG28: 0.265
A29: 17 | B29: 2037510035237 | C29: Shine systems Bucket + Filter - ведро для мойки автомобиля c сепаратором, 20 л SS457 | D29: SS457 | E29: SS457 | F29: Shine Systems | H29: Shine systems Bucket + Filter - ведро для мойки автомобиля c сепаратором, 20 л SS457 | I29: 975.40984 | J29: 0.22 | K29: 1190 | L29: 1190 | M29: ₽ | N29: 1790 | O29: ₽ | S29: 1 | W29: 300 | X29: 300 | Y29: 380 | Z29: мм | AB29: =_xlfn.XLOOKUP(E29,nomen!A:A,nomen!C:C,0) -> 0 | AF29: Россия | AG29: 0.859
A30: 18 | B30: 2038480134722 | C30: Shine systems Микрофибра для сушки кузова 50x80см easy dry max SS587 | D30: SS587 | E30: SS587 | F30: Shine Systems | H30: Shine systems Микрофибра для сушки кузова 50x80см easy dry max SS587 | I30: 283.60656 | J30: 0.22 | K30: 346 | L30: 346 | M30: ₽ | N30: 520 | O30: ₽ | S30: 1 | W30: 80 | X30: 50 | Y30: 30 | Z30: мм | AB30: =_xlfn.XLOOKUP(E30,nomen!A:A,nomen!C:C,0) -> 4935 | AF30: Россия | AG30: 0.1
A31: 19 | B31: 2037427398531 | C31: Shine systems FastPolish - среднеабразивная полировальная паста, 200 мл SS584 | D31: SS584 | E31: SS584 | F31: Shine Systems | H31: Shine systems FastPolish - среднеабразивная полировальная паста, 200 мл SS584 | I31: 531.14754 | J31: 0.22 | K31: 648 | L31: 648 | M31: ₽ | N31: 890 | O31: ₽ | S31: 1 | W31: 45 | X31: 45 | Y31: 180 | Z31: мм | AB31: =_xlfn.XLOOKUP(E31,nomen!A:A,nomen!C:C,0) -> 0 | AF31: Россия | AG31: 0.226
A32: 20 | B32: 2037427400395 | C32: Shine systems Magic Sponge - губка меламиновая 963 см, 4шт. SS961 | D32: SS961 | E32: SS961 | F32: Shine Systems | H32: Shine systems Magic Sponge - губка меламиновая 963 см, 4шт. SS961 | I32: 159.01639 | J32: 0.22 | K32: 194 | L32: 194 | M32: ₽ | N32: 290 | O32: ₽ | S32: 1 | W32: 120 | X32: 63 | Y32: 120 | Z32: мм | AB32: =_xlfn.XLOOKUP(E32,nomen!A:A,nomen!C:C,0) -> 1477 | AF32: Россия | AG32: 0.024
... A37: 25 | B37: 2037427398517 | C37: Shine systems Terry Towel - универсальная микрофибра без оверлока 4040см, 6 шт SS582 | D37: SS582 | E37: SS582 | F37: Shine Systems | H37: Shine systems Terry Towel - универсальная микрофибра без оверлока 4040см, 6 шт SS582 | I37: 322.13115 | J37: 0.22 | K37: 393 | L37: 393 | M37: ₽ | N37: 590 | O37: ₽ | S37: 1 | W37: 215 | X37: 215 | Y37: 60 | Z37: мм | AB37: =_xlfn.XLOOKUP(E37,nomen!A:A,nomen!C:C,0) -> 551 | AF37: Россия | AG37: 0.252
A38: 26 | B38: 4673746973011 | C38: Shine systems Матовый полироль для пластика салона AirLine PolishMatt, 400 мл SS430 | D38: SS430 | E38: SS430 | F38: Shine Systems | H38: Shine systems Матовый полироль для пластика салона AirLine PolishMatt, 400 мл SS430 | I38: 290.98361 | J38: 0.22 | K38: 355 | L38: 355 | M38: ₽ | N38: 490 | O38: ₽ | S38: 1 | W38: 220 | X38: 80 | Y38: 80 | Z38: мм | AB38: =_xlfn.XLOOKUP(E38,nomen!A:A,nomen!C:C,0) -> 20 | AF38: Россия | AG38: 0.3
A39: 27 | B39: 4673746972144 | C39: Shine systems Гибридный полировальный круг 155 мм Hybrid Pad Shine Systems SS533 | D39: SS533 | E39: SS533 | F39: Shine Systems | H39: Shine systems Гибридный полировальный круг 155 мм Hybrid Pad Shine Systems SS533 | I39: 591.80328 | J39: 0.22 | K39: 722 | L39: 722 | M39: ₽ | N39: 1090 | O39: ₽ | S39: 1 | W39: 100 | X39: 100 | Y39: 50 | Z39: мм | AB39: =_xlfn.XLOOKUP(E39,nomen!A:A,nomen!C:C,0) -> 256 | AF39: Россия | AG39: 0.2
A40: 28 | B40: 4673746970454 | C40: Shine systems Чернитель для резины матовый Shine Systems BlackStar Matt, 750 мл SS918 | D40: SS918 | E40: SS918 | F40: Shine Systems | H40: Shine systems Чернитель для резины матовый Shine Systems BlackStar Matt, 750 мл SS918 | I40: 386.06557 | J40: 0.22 | K40: 471 | L40: 471 | M40: ₽ | N40: 750 | O40: ₽ | S40: 1 | W40: 70 | X40: 70 | Y40: 210 | Z40: мм | AB40: =_xlfn.XLOOKUP(E40,nomen!A:A,nomen!C:C,0) -> 379 | AF40: Россия | AG40: 0.8
A41: 29 | B41: 4652245476742 | C41: Shine systems Универсальное средство для химчистки Shine Systems InteriorCleaner, 750 мл SS865 | D41: SS865 | E41: SS865 | F41: Shine Systems | H41: Shine systems Универсальное средство для химчистки Shine Systems InteriorCleaner, 750 мл SS865 | I41: 200.81967 | J41: 0.22 | K41: 245 | L41: 245 | M41: ₽ | N41: 390 | O41: ₽ | S41: 1 | W41: 70 | X41: 70 | Y41: 210 | Z41: мм | AB41: =_xlfn.XLOOKUP(E41,nomen!A:A,nomen!C:C,0) -> 848 | AF41: Россия | AG41: 0.9
A42: 30 | B42: 2038480134715 | C42: Shine systems Easy dry double max - двуслойная микрофибра для сушки кузова 50x80см, 1200гр/м2 SS443 | D42: SS443 | E42: SS443 | F42: Shine Systems | H42: Shine systems Easy dry double max - двуслойная микрофибра для сушки кузова 50x80см, 1200гр/м2 SS443 | I42: 649.18033 | J42: 0.22 | K42: 792 | L42: 792 | M42: ₽ | N42: 1190 | O42: ₽ | S42: 1 | W42: 45 | X42: 45 | Y42: 180 | Z42: мм | AB42: =_xlfn.XLOOKUP(E42,nomen!A:A,nomen!C:C,0) -> 165 | AF42: Россия | AG42: 0.5
A43: 31 | B43: 2037427399361 | C43: Shine Systems PinkFoam активный шампунь для бесконтактной мойки, 5 л SS775 | D43: SS775 | E43: SS775 | F43: Shine Systems | H43: Shine Systems PinkFoam активный шампунь для бесконтактной мойки, 5 л SS775 | I43: 1068.0328 | J43: 0.22 | K43: 1303 | L43: 1303 | M43: ₽ | N43: 1790 | O43: ₽ | S43: 1 | W43: 170 | X43: 130 | Y43: 250 | Z43: мм | AB43: =_xlfn.XLOOKUP(E43,nomen!A:A,nomen!C:C,0) -> 74 | AF43: Россия | AG43: 5
A44: 32 | B44: 4673746971048 | C44: Shine systems Очиститель дисков с индикатором Shine Systems IronOFF Gel, 750 мл SS753 | D44: SS753 | E44: SS753 | F44: Shine Systems | H44: Shine systems Очиститель дисков с индикатором Shine Systems IronOFF Gel, 750 мл SS753 | I44: 304.09836 | J44: 0.22 | K44: 371 | L44: 371 | M44: ₽ | N44: 590 | O44: ₽ | S44: 1 | W44: 70 | X44: 70 | Y44: 210 | Z44: мм | AB44: =_xlfn.XLOOKUP(E44,nomen!A:A,nomen!C:C,0) -> 588 | AF44: Россия | AG44: 0.9
A45: 33 | B45: 2037427400111 | C45: Shine Systems GlassCleaner универсальный очиститель стекол, 750 мл SS903 | D45: SS903 | E45: SS903 | F45: Shine Systems | H45: Shine Systems GlassCleaner универсальный очиститель стекол, 750 мл SS903 | I45: 129.5082 | J45: 0.22 | K45: 158 | L45: 158 | M45: ₽ | N45: 250 | O45: ₽ | S45: 1 | W45: 70 | X45: 70 | Y45: 230 | Z45: мм | AB45: =_xlfn.XLOOKUP(E45,nomen!A:A,nomen!C:C,0) -> 566 | AF45: Россия | AG45: 0.8
A46: 34 | B46: 2000000000817 | C46: Shine Systems MotorCleaner гель диэлектрик для мойки двигателя, 750 мл SS807 | D46: SS807 | E46: SS807 | F46: Shine Systems | H46: Shine Systems MotorCleaner гель диэлектрик для мойки двигателя, 750 мл SS807 | I46: 439.34426 | J46: 0.22 | K46: 536 | L46: 536 | M46: ₽ | N46: 850 | O46: ₽ | S46: 1 | W46: 70 | X46: 70 | Y46: 210 | Z46: мм | AB46: =_xlfn.XLOOKUP(E46,nomen!A:A,nomen!C:C,0) -> 879 | AF46: Россия | AG46: 8
A47: 35 | B47: 2037427398098 | C47: Shine systems Microfiber Pad - полировальный круг из микрофибры, 130 мм SS537 | D47: SS537 | E47: SS537 | F47: Shine Systems | H47: Shine systems Microfiber Pad - полировальный круг из микрофибры, 130 мм SS537 | I47: 267.21311 | J47: 0.22 | K47: 326 | L47: 326 | M47: ₽ | N47: 490 | O47: ₽ | S47: 1 | W47: 130 | X47: 130 | Y47: 14 | Z47: мм | AB47: =_xlfn.XLOOKUP(E47,nomen!A:A,nomen!C:C,0) -> 839 | AF47: Россия | AG47: 0.024
A48: 36 | B48: 4673746971277 | C48: Shine systems Антидождь для стекла (10 мл+10 мл) NanoGlass Shine Systems SS100 | D48: SS100 | E48: SS100 | F48: Shine Systems | H48: Shine systems Антидождь для стекла (10 мл+10 мл) NanoGlass Shine Systems SS100 | I48: 231.14754 | J48: 0.22 | K48: 282 | L48: 282 | M48: ₽ | N48: 450 | O48: ₽ | S48: 1 | W48: 100 | X48: 100 | Y48: 50 | Z48: мм | AB48: =_xlfn.XLOOKUP(E48,nomen!A:A,nomen!C:C,0) -> 0 | AF48: Россия | AG48: 0.1
A49: 37 | B49: 2037427400265 | C49: Shine Systems Light активный шампунь для бесконтактной мойки, 900 мл SS931 | D49: SS931 | E49: SS931 | F49: Shine Systems | H49: Shine Systems Light активный шампунь для бесконтактной мойки, 900 мл SS931 | I49: 149.18033 | J49: 0.22 | K49: 182 | L49: 182 | M49: ₽ | N49: 250 | O49: ₽ | S49: 1 | W49: 70 | X49: 70 | Y49: 250 | Z49: мм | AB49: =_xlfn.XLOOKUP(E49,nomen!A:A,nomen!C:C,0) -> 0 | AF49: Россия | AG49: 1
A50: 38 | B50: 4673746972779 | C50: Shine systems Nano polisher pad set - набор мини-падов для ibrid, 30 мм 7шт SS613 | D50: SS613 | E50: SS613 | F50: Shine Systems | H50: Shine systems Nano polisher pad set - набор мини-падов для ibrid, 30 мм 7шт SS613 | I50: 537.70492 | J50: 0.22 | K50: 656 | L50: 656 | M50: ₽ | N50: 990 | O50: ₽ | S50: 1 | W50: 100 | X50: 100 | Y50: 50 | Z50: мм | AB50: =_xlfn.XLOOKUP(E50,nomen!A:A,nomen!C:C,0) -> 111 | AF50: Россия | AG50: 0.1
A51: 39 | B51: 4673746970898 | C51: Shine Systems GlossyGlass экспресс очиститель стекол, 750 мл SS828 | D51: SS828 | E51: SS828 | F51: Shine Systems | H51: Shine Systems GlossyGlass экспресс очиститель стекол, 750 мл SS828 | I51: 82.786885 | J51: 0.22 | K51: 101 | L51: 101 | M51: ₽ | N51: 160 | O51: ₽ | S51: 1 | W51: 70 | X51: 70 | Y51: 210 | Z51: мм | AB51: =_xlfn.XLOOKUP(E51,nomen!A:A,nomen!C:C,0) -> 641 | AF51: Россия | AG51: 0.3
A52: 40 | B52: 2037427400173 | C52: Shine Systems VinylMatt Cherry матовый полироль для пластика салона, 750 мл SS917 | D52: SS917 | E52: SS917 | F52: Shine Systems | H52: Shine Systems VinylMatt Cherry матовый полироль для пластика салона, 750 мл SS917 | I52: 253.27869 | J52: 0.22 | K52: 309 | L52: 309 | M52: ₽ | N52: 490 | O52: ₽ | S52: 1 | W52: 70 | X52: 70 | Y52: 210 | Z52: мм | AB52: =_xlfn.XLOOKUP(E52,nomen!A:A,nomen!C:C,0) -> 401 | AF52: Россия | AG52: 0.8
A53: 41 | B53: 4673746970034 | C53: Shine systems Универсальный кислотный очиститель дисков Shine Systems AcidCleaner, 750 мл SS744 | D53: SS744 | E53: SS744 | F53: Shine Systems | H53: Shine systems Универсальный кислотный очиститель дисков Shine Systems AcidCleaner, 750 мл SS744 | I53: 171.31148 | J53: 0.22 | K53: 209 | L53: 209 | M53: ₽ | N53: 330 | O53: ₽ | S53: 1 | W53: 70 | X53: 70 | Y53: 210 | Z53: мм | AB53: =_xlfn.XLOOKUP(E53,nomen!A:A,nomen!C:C,0) -> 0 | AF53: Россия | AG53: 0.8
A54: 42 | B54: 2037427398869 | C54: Shine systems ActiveFoam - активная пена для бесконтактной мойки, 20 кг SS640 | D54: SS640 | E54: SS640 | F54: Shine Systems | H54: Shine systems ActiveFoam - активная пена для бесконтактной мойки, 20 кг SS640 | I54: 2976.2295 | J54: 0.22 | K54: 3631 | L54: 3631 | M54: ₽ | N54: 4990 | O54: ₽ | S54: 1 | W54: 350 | X54: 230 | Y54: 350 | Z54: мм | AB54: =_xlfn.XLOOKUP(E54,nomen!A:A,nomen!C:C,0) -> 260 | AF54: Россия | AG54: 20.8
A55: 43 | B55: 2037427399934 | C55: Shine systems Microfiber Sponge – микрофибровый аппликатор для нанесения составов SS871 | D55: SS871 | E55: SS871 | F55: Shine Systems | H55: Shine systems Microfiber Sponge – микрофибровый аппликатор для нанесения составов SS871 | I55: 103.27869 | J55: 0.22 | K55: 126 | L55: 126 | M55: ₽ | N55: 190 | O55: ₽ | S55: 1 | W55: 120 | X55: 120 | Y55: 20 | Z55: мм | AB55: =_xlfn.XLOOKUP(E55,nomen!A:A,nomen!C:C,0) -> 596 | AF55: Россия | AG55: 0.02
A56: 44 | B56: 2037427398470 | C56: Shine systems GlassPolish - полировальная паста для стекла, 200 мл SS577 | D56: SS577 | E56: SS577 | F56: Shine Systems | H56: Shine systems GlassPolish - полировальная паста для стекла, 200 мл SS577 | I56: 610.65574 | J56: 0.22 | K56: 745 | L56: 745 | M56: ₽ | N56: 1190 | O56: ₽ | S56: 1 | W56: 45 | X56: 45 | Y56: 180 | Z56: мм | AB56: =_xlfn.XLOOKUP(E56,nomen!A:A,nomen!C:C,0) -> 544 | AF56: Россия | AG56: 0.22
A57: 45 | B57: 2037427399217 | C57: Shine Systems InsectOFF очиститель следов насекомых, 750 мл SS746 | D57: SS746 | E57: SS746 | F57: Shine Systems | H57: Shine Systems InsectOFF очиститель следов насекомых, 750 мл SS746 | I57: 177.04918 | J57: 0.22 | K57: 216 | L57: 216 | M57: ₽ | N57: 340 | O57: ₽ | S57: 1 | W57: 70 | X57: 70 | Y57: 210 | Z57: мм | AB57: =_xlfn.XLOOKUP(E57,nomen!A:A,nomen!C:C,0) -> 820 | AF57: Россия | AG57: 0.8
A58: 46 | B58: 4673746970027 | C58: Shine systems Универсальный кислотный очиститель Shine Systems AcidCleaner, 5 л SS732 | D58: SS732 | E58: SS732 | F58: Shine Systems | H58: Shine systems Универсальный кислотный очиститель Shine Systems AcidCleaner, 5 л SS732 | I58: 794.2623 | J58: 0.22 | K58: 969 | L58: 969 | M58: ₽ | N58: 1550 | O58: ₽ | S58: 1 | W58: 170 | X58: 130 | Y58: 250 | Z58: мм | AB58: =_xlfn.XLOOKUP(E58,nomen!A:A,nomen!C:C,0) -> 0 | AF58: Россия | AG58: 5
A59: 47 | B59: 2037427400067 | C59: Shine Systems PreWash активный шампунь для бесконтактной мойки, 900 мл SS897 | D59: SS897 | E59: SS897 | F59: Shine Systems | H59: Shine Systems PreWash активный шампунь для бесконтактной мойки, 900 мл SS897 | I59: 209.01639 | J59: 0.22 | K59: 255 | L59: 255 | M59: ₽ | N59: 350 | O59: ₽ | S59: 1 | W59: 70 | X59: 70 | Y59: 250 | Z59: мм | AB59: =_xlfn.XLOOKUP(E59,nomen!A:A,nomen!C:C,0) -> 83 | AF59: Россия | AG59: 1
A60: 48 | B60: 2037427400500 | C60: Shine systems BL GentleWash - деликатный шампунь для бесконтактной мойки, 750 мл SSBL993 | D60: SSBL993 | E60: SSBL993 | F60: Shine Systems | H60: Shine systems BL GentleWash - деликатный шампунь для бесконтактной мойки, 750 мл SSBL993 | I60: 150 | J60: 0.22 | K60: 183 | L60: 183 | M60: ₽ | N60: 290 | O60: ₽ | S60: 1 | W60: 70 | X60: 70 | Y60: 210 | Z60: мм | AB60: =_xlfn.XLOOKUP(E60,nomen!A:A,nomen!C:C,0) -> 236 | AF60: Россия | AG60: 0.835
A61: 49 | B61: 2037427399927 | C61: Shine Systems SoftCleaner нейтральное средство для химчистки с кондиционером, 750 мл SS867 | D61: SS867 | E61: SS867 | F61: Shine Systems | H61: Shine Systems SoftCleaner нейтральное средство для химчистки с кондиционером, 750 мл SS867 | I61: 201.63934 | J61: 0.22 | K61: 246 | L61: 246 | M61: ₽ | N61: 390 | O61: ₽ | S61: 1 | W61: 70 | X61: 70 | Y61: 210 | Z61: мм | AB61: =_xlfn.XLOOKUP(E61,nomen!A:A,nomen!C:C,0) -> 472 | AF61: Россия | AG61: 8
A62: 50 | B62: 2037427398524 | C62: Shine systems PowerCut - крупноабразивная полировальная паста, 200 мл SS583 | D62: SS583 | E62: SS583 | F62: Shine Systems | H62: Shine systems PowerCut - крупноабразивная полировальная паста, 200 мл SS583 | I62: 590.98361 | J62: 0.22 | K62: 721 | L62: 721 | M62: ₽ | N62: 990 | O62: ₽ | S62: 1 | W62: 45 | X62: 45 | Y62: 180 | Z62: мм | AB62: =_xlfn.XLOOKUP(E62,nomen!A:A,nomen!C:C,0) -> 0 | AF62: Россия | AG62: 0.239
... A65: 53 | B65: 2037427398708 | C65: Shine Systems Backing pad 75RO - подложка для ротационной машинки, 75 мм SS620 | D65: SS620 | E65: SS620 | F65: Shine Systems | H65: Shine Systems Backing pad 75RO - подложка для ротационной машинки, 75 мм SS620 | I65: 267.21311 | J65: 0.22 | K65: 326 | L65: 326 | M65: ₽ | N65: 490 | O65: ₽ | S65: 1 | W65: 75 | X65: 35 | Y65: 75 | Z65: мм | AB65: =_xlfn.XLOOKUP(E65,nomen!A:A,nomen!C:C,0) -> 1956 | AF65: Россия | AG65: 0.042
A66: 54 | B66: 2000649175372 | C66: Shine systems Microfiber pad set - комплект микрофибровых кругов 50 мм, 3 шт SS466 | D66: SS466 | E66: SS466 | F66: Shine Systems | H66: Shine systems Microfiber pad set - комплект микрофибровых кругов 50 мм, 3 шт SS466 | I66: 266.39344 | J66: 0.22 | K66: 325 | L66: 325 | M66: ₽ | N66: 490 | O66: ₽ | S66: 1 | W66: 100 | X66: 100 | Y66: 50 | Z66: мм | AB66: =_xlfn.XLOOKUP(E66,nomen!A:A,nomen!C:C,0) -> 94 | AF66: Россия | AG66: 0.1
A67: 55 | B67: 4673746970058 | C67: Shine systems Кислотный шампунь для ручной мойки Shine Systems AcidShampoo, 750 мл SS650 | D67: SS650 | E67: SS650 | F67: Shine Systems | H67: Shine systems Кислотный шампунь для ручной мойки Shine Systems AcidShampoo, 750 мл SS650 | I67: 222.13115 | J67: 0.22 | K67: 271 | L67: 271 | M67: ₽ | N67: 430 | O67: ₽ | S67: 1 | W67: 70 | X67: 70 | Y67: 210 | Z67: мм | AB67: =_xlfn.XLOOKUP(E67,nomen!A:A,nomen!C:C,0) -> 318 | AF67: Россия | AG67: 0.8
A68: 56 | B68: 4673746973035 | C68: Shine systems Black Line CrystalGlass летняя стеклоомывающая жидкость (Объем 200 мл) SSBL971 | D68: SSBL971 | E68: SSBL971 | F68: Shine Systems | H68: Shine systems Black Line CrystalGlass летняя стеклоомывающая жидкость (Объем 200 мл) SSBL971 | I68: 98.360656 | J68: 0.22 | K68: 120 | L68: 120 | M68: ₽ | N68: 190 | O68: ₽ | S68: 1 | W68: 45 | X68: 45 | Y68: 180 | Z68: мм | AB68: =_xlfn.XLOOKUP(E68,nomen!A:A,nomen!C:C,0) -> 419 | AF68: Россия | AG68: 0.2
A69: 57 | B69: 4652245476193 | C69: Shine systems Автошампунь для ручной мойки Shine Systems CherryBomb Shampoo, 5 л SS632 | D69: SS632 | E69: SS632 | F69: Shine Systems | H69: Shine systems Автошампунь для ручной мойки Shine Systems CherryBomb Shampoo, 5 л SS632 | I69: 766.39344 | J69: 0.22 | K69: 935 | L69: 935 | M69: ₽ | N69: 1490 | O69: ₽ | S69: 1 | W69: 170 | X69: 130 | Y69: 250 | Z69: мм | AB69: =_xlfn.XLOOKUP(E69,nomen!A:A,nomen!C:C,0) -> 106 | AF69: Россия | AG69: 5
A70: 58 | B70: 2038480134593 | C70: Shine systems Аппликатор с прорезью для керамики coating sponge SS901 | D70: SS901 | E70: SS901 | F70: Shine Systems | H70: Shine systems Аппликатор с прорезью для керамики coating sponge SS901 | I70: 49.180328 | J70: 0.22 | K70: 60 | L70: 60 | M70: ₽ | N70: 90 | O70: ₽ | S70: 1 | W70: 80 | X70: 45 | Y70: 15 | Z70: мм | AB70: =_xlfn.XLOOKUP(E70,nomen!A:A,nomen!C:C,0) -> 0 | AF70: Россия | AG70: 0.01
A71: 59 | B71: 4652245476131 | C71: Shine systems Шампунь для ручной мойки автомобиля BLACK LINE SlideShampoo Cola, 400 мл Shine Systems (Запах Колы) SSBL987 | D71: SSBL987 | E71: SSBL987 | F71: Shine Systems | H71: Shine systems Шампунь для ручной мойки автомобиля BLACK LINE SlideShampoo Cola, 400 мл Shine Systems (Запах Колы) SSBL987 | I71: 180.32787 | J71: 0.22 | K71: 220 | L71: 220 | M71: ₽ | N71: 350 | O71: ₽ | S71: 1 | W71: 220 | X71: 80 | Y71: 80 | Z71: мм | AB71: =_xlfn.XLOOKUP(E71,nomen!A:A,nomen!C:C,0) -> 207 | AF71: Россия | AG71: 0.4
A72: 60 | B72: 4673746971185 | C72: Shine Systems MotorCare консервант подкапотного пространства, 750 мл SS806 | D72: SS806 | E72: SS806 | F72: Shine Systems | H72: Shine Systems MotorCare консервант подкапотного пространства, 750 мл SS806 | I72: 304.09836 | J72: 0.22 | K72: 371 | L72: 371 | M72: ₽ | N72: 590 | O72: ₽ | S72: 1 | W72: 70 | X72: 70 | Y72: 210 | Z72: мм | AB72: =_xlfn.XLOOKUP(E72,nomen!A:A,nomen!C:C,0) -> 615 | AF72: Россия | AG72: 0.8
A73: 61 | B73: 4673746972168 | C73: Shine systems Подложка для эксцентриковой машинки Shine Systems Backing pad 125DA, 125 мм SS615 | D73: SS615 | E73: SS615 | F73: Shine Systems | H73: Shine systems Подложка для эксцентриковой машинки Shine Systems Backing pad 125DA, 125 мм SS615 | I73: 537.70492 | J73: 0.22 | K73: 656 | L73: 656 | M73: ₽ | N73: 990 | O73: ₽ | S73: 1 | W73: 100 | X73: 100 | Y73: 50 | Z73: мм | AB73: =_xlfn.XLOOKUP(E73,nomen!A:A,nomen!C:C,0) -> 297 | AF73: Россия | AG73: 0.1
A74: 62 | B74: 2037427398371 | C74: Shine systems DA Foam Pad Green - полировальный круг экстра твердый зеленый, 75 мм SS565 | D74: SS565 | E74: SS565 | F74: Shine Systems | H74: Shine systems DA Foam Pad Green - полировальный круг экстра твердый зеленый, 75 мм SS565 | I74: 190.98361 | J74: 0.22 | K74: 233 | L74: 233 | M74: ₽ | N74: 350 | O74: ₽ | S74: 1 | W74: 90 | X74: 75 | Y74: 25 | Z74: мм | AB74: =_xlfn.XLOOKUP(E74,nomen!A:A,nomen!C:C,0) -> 666 | AF74: Россия | AG74: 0.014
A75: 63 | B75: 4673746971697 | C75: Shine systems Очиститель водного камня с кузова и стекол Shine Systems WaterSpotOFF, 750 мл SS764 | D75: SS764 | E75: SS764 | F75: Shine Systems | H75: Shine systems Очиститель водного камня с кузова и стекол Shine Systems WaterSpotOFF, 750 мл SS764 | I75: 252.45902 | J75: 0.22 | K75: 308 | L75: 308 | M75: ₽ | N75: 490 | O75: ₽ | S75: 1 | W75: 70 | X75: 70 | Y75: 210 | Z75: мм | AB75: =_xlfn.XLOOKUP(E75,nomen!A:A,nomen!C:C,0) -> 629 | AF75: Россия | AG75: 0.3
A76: 64 | B76: 2037427399439 | C76: Shine Systems ActiveFoam активная пена для бесконтактной мойки, 1 кг SS788 | D76: SS788 | E76: SS788 | F76: Shine Systems | H76: Shine Systems ActiveFoam активная пена для бесконтактной мойки, 1 кг SS788 | I76: 233.60656 | J76: 0.22 | K76: 285 | L76: 285 | M76: ₽ | N76: 390 | O76: ₽ | S76: 1 | W76: 70 | X76: 70 | Y76: 250 | Z76: мм | AB76: =_xlfn.XLOOKUP(E76,nomen!A:A,nomen!C:C,0) -> 473 | AF76: Россия | AG76: 1
A77: 65 | B77: 4652245476117 | C77: Shine systems Шампунь для ручной мойки автомобиля BLACK LINE SlideShampoo 400 мл Shine Systems (Запах Банана) SSBL985 | D77: SSBL985 | E77: SSBL985 | F77: Shine Systems | H77: Shine systems Шампунь для ручной мойки автомобиля BLACK LINE SlideShampoo 400 мл Shine Systems (Запах Банана) SSBL985 | I77: 180.32787 | J77: 0.22 | K77: 220 | L77: 220 | M77: ₽ | N77: 350 | O77: ₽ | S77: 1 | W77: 220 | X77: 80 | Y77: 80 | Z77: мм | AB77: =_xlfn.XLOOKUP(E77,nomen!A:A,nomen!C:C,0) -> 522 | AF77: Россия | AG77: 0.4
A78: 66 | B78: 4652245476223 | C78: Shine systems Шампунь для бесконтактной мойки авто Shine Systems DelicateWash, 5 л SS644 | D78: SS644 | E78: SS644 | F78: Shine Systems | H78: Shine systems Шампунь для бесконтактной мойки авто Shine Systems DelicateWash, 5 л SS644 | I78: 885.2459 | J78: 0.22 | K78: 1080 | L78: 1080 | M78: ₽ | N78: 1490 | O78: ₽ | S78: 1 | W78: 170 | X78: 130 | Y78: 250 | Z78: мм | AB78: =_xlfn.XLOOKUP(E78,nomen!A:A,nomen!C:C,0) -> 78 | AF78: Россия | AG78: 4.8
A79: 67 | B79: 4673746973264 | C79: Shine systems Шенилловая рукавица для мойки кузова Chenille Wash Mitt Shine Systems SS821 | D79: SS821 | E79: SS821 | F79: Shine Systems | H79: Shine systems Шенилловая рукавица для мойки кузова Chenille Wash Mitt Shine Systems SS821 | I79: 212.29508 | J79: 0.22 | K79: 259 | L79: 259 | M79: ₽ | N79: 390 | O79: ₽ | S79: 1 | W79: 100 | X79: 100 | Y79: 50 | Z79: мм | AB79: =_xlfn.XLOOKUP(E79,nomen!A:A,nomen!C:C,0) -> 816 | AF79: Россия | AG79: 0.7
A80: 68 | B80: 4652245476179 | C80: Shine systems Наношампунь для ручной мойки автомобиля Shine Systems CationicShampoo, 750 мл SS882 | D80: SS882 | E80: SS882 | F80: Shine Systems | H80: Shine systems Наношампунь для ручной мойки автомобиля Shine Systems CationicShampoo, 750 мл SS882 | I80: 283.60656 | J80: 0.22 | K80: 346 | L80: 346 | M80: ₽ | N80: 550 | O80: ₽ | S80: 1 | W80: 70 | X80: 70 | Y80: 210 | Z80: мм | AB80: =_xlfn.XLOOKUP(E80,nomen!A:A,nomen!C:C,0) -> 596 | AF80: Россия | AG80: 0.8
A81: 69 | B81: 4673746973288 | C81: Shine systems Полироль для пластика и винила салона матовый Shine Systems Black Line PlasticMatt Invictus, 400 мл SSBL317 | D81: SSBL317 | E81: SSBL317 | F81: Shine Systems | H81: Shine systems Полироль для пластика и винила салона матовый Shine Systems Black Line PlasticMatt Invictus, 400 мл SSBL317 | I81: 200.81967 | J81: 0.22 | K81: 245 | L81: 245 | M81: ₽ | N81: 390 | O81: ₽ | S81: 1 | W81: 220 | X81: 80 | Y81: 80 | Z81: мм | AB81: =_xlfn.XLOOKUP(E81,nomen!A:A,nomen!C:C,0) -> 0 | AF81: Россия | AG81: 0.5
A82: 70 | B82: 2037427398425 | C82: Shine systems Bamboo Brush XL - щетка для труднодоступных мест 40 см SS572 | D82: SS572 | E82: SS572 | F82: Shine Systems | H82: Shine systems Bamboo Brush XL - щетка для труднодоступных мест 40 см SS572 | I82: 141.80328 | J82: 0.22 | K82: 173 | L82: 173 | M82: ₽ | N82: 260 | O82: ₽ | S82: 1 | W82: 400 | X82: 20 | Y82: 400 | Z82: мм | AB82: =_xlfn.XLOOKUP(E82,nomen!A:A,nomen!C:C,0) -> 1731 | AF82: Россия | AG82: 0.015
A83: 71 | B83: 4652245476094 | C83: Shine systems Шампунь для ручной мойки автомобиля BLACK LINE SlideShampoo Apple, 400 мл Shine Systems (Запах Яблока) SSBL988 | D83: SSBL988 | E83: SSBL988 | F83: Shine Systems | H83: Shine systems Шампунь для ручной мойки автомобиля BLACK LINE SlideShampoo Apple, 400 мл Shine Systems (Запах Яблока) SSBL988 | I83: 180.32787 | J83: 0.22 | K83: 220 | L83: 220 | M83: ₽ | N83: 350 | O83: ₽ | S83: 1 | W83: 220 | X83: 80 | Y83: 80 | Z83: мм | AB83: =_xlfn.XLOOKUP(E83,nomen!A:A,nomen!C:C,0) -> 208 | AF83: Россия | AG83: 0.4
A84: 72 | B84: 2037427398302 | C84: Shine systems DA Foam Pad Orange - полировальный круг мягкий оранжевый, 130 мм SS558 | D84: SS558 | E84: SS558 | F84: Shine Systems | H84: Shine systems DA Foam Pad Orange - полировальный круг мягкий оранжевый, 130 мм SS558 | I84: 300 | J84: 0.22 | K84: 366 | L84: 366 | M84: ₽ | N84: 550 | O84: ₽ | S84: 1 | W84: 150 | X84: 150 | Y84: 20 | Z84: мм | AB84: =_xlfn.XLOOKUP(E84,nomen!A:A,nomen!C:C,0) -> 901 | AF84: Россия | AG84: 0.026
A85: 73 | B85: 2037427398319 | C85: Shine systems DA Foam Pad Maroon - полировальный круг полутвердый бордовый, 130 мм SS559 | D85: SS559 | E85: SS559 | F85: Shine Systems | H85: Shine systems DA Foam Pad Maroon - полировальный круг полутвердый бордовый, 130 мм SS559 | I85: 354.09836 | J85: 0.22 | K85: 432 | L85: 432 | M85: ₽ | N85: 650 | O85: ₽ | S85: 1 | W85: 150 | X85: 20 | Y85: 150 | Z85: мм | AB85: =_xlfn.XLOOKUP(E85,nomen!A:A,nomen!C:C,0) -> 444 | AF85: Россия | AG85: 0.03
A86: 74 | B86: 2037427400210 | C86: Shine systems SuperStar - активный шампунь для бесконтактной мойки, 900 мл SS925 | D86: SS925 | E86: SS925 | F86: Shine Systems | H86: Shine systems SuperStar - активный шампунь для бесконтактной мойки, 900 мл SS925 | I86: 196.72131 | J86: 0.22 | K86: 240 | L86: 240 | M86: ₽ | N86: 330 | O86: ₽ | S86: 1 | W86: 250 | X86: 75 | Y86: 250 | Z86: мм | AB86: =_xlfn.XLOOKUP(E86,nomen!A:A,nomen!C:C,0) -> 282 | AF86: Россия | AG86: 1.017
A87: 75 | B87: 4673746970423 | C87: Shine systems Чернитель резины (глянец) Shine Systems BlackStar, 750 мл SS914 | D87: SS914 | E87: SS914 | F87: Shine Systems | H87: Shine systems Чернитель резины (глянец) Shine Systems BlackStar, 750 мл SS914 | I87: 406.55738 | J87: 0.22 | K87: 496 | L87: 496 | M87: ₽ | N87: 790 | O87: ₽ | S87: 1 | W87: 70 | X87: 70 | Y87: 210 | Z87: мм | AB87: =_xlfn.XLOOKUP(E87,nomen!A:A,nomen!C:C,0) -> 842 | AF87: Россия | AG87: 0.6
A88: 76 | B88: 4673746971291 | C88: Shine systems Антидождь Shine Systems NanoGlass Kit (набор по уходу за стеклом) SS777 | D88: SS777 | E88: SS777 | F88: Shine Systems | H88: Shine systems Антидождь Shine Systems NanoGlass Kit (набор по уходу за стеклом) SS777 | I88: 818.03279 | J88: 0.22 | K88: 998 | L88: 998 | M88: ₽ | N88: 1590 | O88: ₽ | S88: 1 | W88: 100 | X88: 100 | Y88: 50 | Z88: мм | AB88: =_xlfn.XLOOKUP(E88,nomen!A:A,nomen!C:C,0) -> 0 | AF88: Россия | AG88: 0.5
A89: 77 | B89: 2037427400227 | C89: Shine Systems MultiTec активный шампунь для бесконтактной мойки, 20 кг SS927 | D89: SS927 | E89: SS927 | F89: Shine Systems | H89: Shine Systems MultiTec активный шампунь для бесконтактной мойки, 20 кг SS927 | I89: 1903.2787 | J89: 0.22 | K89: 2322 | L89: 2322 | M89: ₽ | N89: 3190 | O89: ₽ | S89: 1 | W89: 250 | X89: 250 | Y89: 370 | Z89: мм | AB89: =_xlfn.XLOOKUP(E89,nomen!A:A,nomen!C:C,0) -> 316 | AF89: Россия | AG89: 20
A90: 78 | B90: 4673746972427 | C90: Shine Systems Tire Brush - щетка для чистки покрышек SS843 | D90: SS843 | E90: SS843 | F90: Shine Systems | H90: Shine Systems Tire Brush - щетка для чистки покрышек SS843 | I90: 212.29508 | J90: 0.22 | K90: 259 | L90: 259 | M90: ₽ | N90: 390 | O90: ₽ | S90: 1 | W90: 100 | X90: 100 | Y90: 50 | Z90: мм | AB90: =_xlfn.XLOOKUP(E90,nomen!A:A,nomen!C:C,0) -> 177 | AF90: Россия | AG90: 0.2
A91: 79 | B91: 4673746972854 | C91: Shine systems Clay bar - полировальная глина, 100 гр SS530 | D91: SS530 | E91: SS530 | F91: Shine Systems | H91: Shine systems Clay bar - полировальная глина, 100 гр SS530 | I91: 375.40984 | J91: 0.22 | K91: 458 | L91: 458 | M91: ₽ | N91: 690 | O91: ₽ | S91: 1 | W91: 100 | X91: 100 | Y91: 50 | Z91: мм | AB91: =_xlfn.XLOOKUP(E91,nomen!A:A,nomen!C:C,0) -> 884 | AF91: Россия | AG91: 0.1
A92: 80 | B92: 2037427398555 | C92: Shine systems Power Sponge - губка для удаления устойчивых загрязнений SS586 | D92: SS586 | E92: SS586 | F92: Shine Systems | H92: Shine systems Power Sponge - губка для удаления устойчивых загрязнений SS586 | I92: 86.885246 | J92: 0.22 | K92: 106 | L92: 106 | M92: ₽ | N92: 160 | O92: ₽ | S92: 1 | W92: 70 | X92: 40 | Y92: 40 | Z92: мм | AB92: =_xlfn.XLOOKUP(E92,nomen!A:A,nomen!C:C,0) -> 643 | AF92: Россия | AG92: 0.014
A93: 81 | B93: 4652245476605 | C93: Shine systems Шампунь для бесконтактной мойки PreWash Shine Systems 20 л SS638 | D93: SS638 | E93: SS638 | F93: Shine Systems | H93: Shine systems Шампунь для бесконтактной мойки PreWash Shine Systems 20 л SS638 | I93: 2549.1803 | J93: 0.22 | K93: 3110 | L93: 3110 | M93: ₽ | N93: 4290 | O93: ₽ | S93: 1 | W93: 100 | X93: 100 | Y93: 50 | Z93: мм | AB93: =_xlfn.XLOOKUP(E93,nomen!A:A,nomen!C:C,0) -> 269 | AF93: Россия | AG93: 21
A94: 82 | B94: 4673746972120 | C94: Shine systems Гибридный полировальный круг 75 мм Hybrid Pad Shine Systems SS535 | D94: SS535 | E94: SS535 | F94: Shine Systems | H94: Shine systems Гибридный полировальный круг 75 мм Hybrid Pad Shine Systems SS535 | I94: 212.29508 | J94: 0.22 | K94: 259 | L94: 259 | M94: ₽ | N94: 390 | O94: ₽ | S94: 1 | W94: 100 | X94: 100 | Y94: 50 | Z94: мм | AB94: =_xlfn.XLOOKUP(E94,nomen!A:A,nomen!C:C,0) -> 215 | AF94: Россия | AG94: 0.1
A95: 83 | B95: 2037427398685 | C95: Shine Systems Backing pad 25RO - подложка для ротационной машинки, 25 мм SS618 | D95: SS618 | E95: SS618 | F95: Shine Systems | H95: Shine Systems Backing pad 25RO - подложка для ротационной машинки, 25 мм SS618 | I95: 213.11475 | J95: 0.22 | K95: 260 | L95: 260 | M95: ₽ | N95: 390 | O95: ₽ | S95: 1 | W95: 37 | X95: 30 | Y95: 37 | Z95: мм | AB95: =_xlfn.XLOOKUP(E95,nomen!A:A,nomen!C:C,0) -> 140 | AF95: Россия | AG95: 0.022
A96: 84 | B96: 4673746970522 | C96: Shine systems Shine Systems CarWash Kit - набор для двухфазной мойки SS523 | D96: SS523 | E96: SS523 | F96: Shine Systems | H96: Shine systems Shine Systems CarWash Kit - набор для двухфазной мойки SS523 | I96: 1024.5902 | J96: 0.22 | K96: 1250 | L96: 1250 | M96: ₽ | N96: 1990 | O96: ₽ | S96: 1 | W96: 100 | X96: 100 | Y96: 50 | Z96: мм | AB96: =_xlfn.XLOOKUP(E96,nomen!A:A,nomen!C:C,0) -> 60 | AF96: Россия | AG96: 1
A97: 85 | B97: 4673746972694 | C97: Shine systems Полировальный круг антиголограммный желтый Shine Systems DA Foam Pad Yellow, 155 мм SS554 | D97: SS554 | E97: SS554 | F97: Shine Systems | H97: Shine systems Полировальный круг антиголограммный желтый Shine Systems DA Foam Pad Yellow, 155 мм SS554 | I97: 591.80328 | J97: 0.22 | K97: 722 | L97: 722 | M97: ₽ | N97: 1090 | O97: ₽ | S97: 1 | W97: 100 | X97: 100 | Y97: 50 | Z97: мм | AB97: =_xlfn.XLOOKUP(E97,nomen!A:A,nomen!C:C,0) -> 869 | AF97: Россия | AG97: 0.4
A98: 86 | B98: 4673746972588 | C98: Shine systems FilmON - установочный состав для пленок (Объем 750 мл) SS431 | D98: SS431 | E98: SS431 | F98: Shine Systems | H98: Shine systems FilmON - установочный состав для пленок (Объем 750 мл) SS431 | I98: 200.81967 | J98: 0.22 | K98: 245 | L98: 245 | M98: ₽ | N98: 390 | O98: ₽ | S98: 1 | W98: 70 | X98: 70 | Y98: 210 | Z98: мм | AB98: =_xlfn.XLOOKUP(E98,nomen!A:A,nomen!C:C,0) -> 470 | AF98: Россия | AG98: 0.8
A99: 87 | B99: 4673746973196 | C99: Shine systems DA15 Polisher - полировальная машинка эксцентриковая, 125 мм, ход 15 мм SS676 | D99: SS676 | E99: SS676 | F99: Shine Systems | H99: Shine systems DA15 Polisher - полировальная машинка эксцентриковая, 125 мм, ход 15 мм SS676 | I99: 12245.902 | J99: 0.22 | K99: 14940 | L99: 14940 | M99: ₽ | N99: 19900 | O99: ₽ | S99: 1 | W99: 470 | X99: 160 | Y99: 470 | Z99: мм | AB99: =_xlfn.XLOOKUP(E99,nomen!A:A,nomen!C:C,0) -> 0 | AF99: Россия | AG99: 2.65
A100: 88 | B100: 4652245476711 | C100: Shine systems Очиститель резины и колес Shine Systems Tire&Wheel Cleaner, 5 л SS611 | D100: SS611 | E100: SS611 | F100: Shine Systems | H100: Shine systems Очиститель резины и колес Shine Systems Tire&Wheel Cleaner, 5 л SS611 | I100: 1312.2951 | J100: 0.22 | K100: 1601 | L100: 1601 | M100: ₽ | N100: 2550 | O100: ₽ | S100: 1 | W100: 170 | X100: 130 | Y100: 250 | Z100: мм | AB100: =_xlfn.XLOOKUP(E100,nomen!A:A,nomen!C:C,0) -> 143 | AF100: Россия | AG100: 0.5
A101: 89 | B101: 2037427399095 | C101: Shine Systems EngineWash очиститель двигателя и агрегатов, 5 л SS725 | D101: SS725 | E101: SS725 | F101: Shine Systems | H101: Shine Systems EngineWash очиститель двигателя и агрегатов, 5 л SS725 | I101: 614.7541 | J101: 0.22 | K101: 750 | L101: 750 | M101: ₽ | N101: 1190 | O101: ₽ | S101: 1 | W101: 170 | X101: 130 | Y101: 250 | Z101: мм | AB101: =_xlfn.XLOOKUP(E101,nomen!A:A,nomen!C:C,0) -> 111 | AF101: Россия | AG101: 5
A102: 90 | B102: 4652245476766 | C102: Shine systems Деликатный очиститель кожи Shine Systems LeatherCleaner, 750 мл SS833 | D102: SS833 | E102: SS833 | F102: Shine Systems | H102: Shine systems Деликатный очиститель кожи Shine Systems LeatherCleaner, 750 мл SS833 | I102: 200.81967 | J102: 0.22 | K102: 245 | L102: 245 | M102: ₽ | N102: 390 | O102: ₽ | S102: 1 | W102: 70 | X102: 70 | Y102: 210 | Z102: мм | AB102: =_xlfn.XLOOKUP(E102,nomen!A:A,nomen!C:C,0) -> 781 | AF102: Россия | AG102: 0.6
A103: 91 | B103: 4673746971550 | C103: Shine systems Смазка силиконовая для авто Silicon Shine Systems, 750 мл SS688 | D103: SS688 | E103: SS688 | F103: Shine Systems | H103: Shine systems Смазка силиконовая для авто Silicon Shine Systems, 750 мл SS688 | I103: 613.11475 | J103: 0.22 | K103: 748 | L103: 748 | M103: ₽ | N103: 1190 | O103: ₽ | S103: 1 | W103: 70 | X103: 70 | Y103: 210 | Z103: мм | AB103: =_xlfn.XLOOKUP(E103,nomen!A:A,nomen!C:C,0) -> 447 | AF103: Россия | AG103: 0.8
A104: 92 | B104: 4673746974087 | C104: Shine systems Автошампунь для ручной мойки Shine Systems AcidShamPro Black Line, 400 мл SSBL963 | D104: SSBL963 | E104: SSBL963 | F104: Shine Systems | H104: Shine systems Автошампунь для ручной мойки Shine Systems AcidShamPro Black Line, 400 мл SSBL963 | I104: 200.81967 | J104: 0.22 | K104: 245 | L104: 245 | M104: ₽ | N104: 390 | O104: ₽ | S104: 1 | W104: 220 | X104: 80 | Y104: 80 | Z104: мм | AB104: =_xlfn.XLOOKUP(E104,nomen!A:A,nomen!C:C,0) -> 454 | AF104: Россия | AG104: 0.4
A105: 93 | B105: 4673746972786 | C105: Shine systems Nano polisher pad set - набор мини-падов для ibrid, 50 мм 7шт SS612 | D105: SS612 | E105: SS612 | F105: Shine Systems | H105: Shine systems Nano polisher pad set - набор мини-падов для ibrid, 50 мм 7шт SS612 | I105: 754.09836 | J105: 0.22 | K105: 920 | L105: 920 | M105: ₽ | N105: 1390 | O105: ₽ | S105: 1 | W105: 100 | X105: 100 | Y105: 50 | Z105: мм | AB105: =_xlfn.XLOOKUP(E105,nomen!A:A,nomen!C:C,0) -> 225 | AF105: Россия | AG105: 0.2
A106: 94 | B106: 4673746971680 | C106: Shine systems Полироль для пластика салона матовый Shine Systems VinylMatt Wood (Запах дерева), 750 мл SS853 | D106: SS853 | E106: SS853 | F106: Shine Systems | H106: Shine systems Полироль для пластика салона матовый Shine Systems VinylMatt Wood (Запах дерева), 750 мл SS853 | I106: 252.45902 | J106: 0.22 | K106: 308 | L106: 308 | M106: ₽ | N106: 490 | O106: ₽ | S106: 1 | W106: 70 | X106: 70 | Y106: 210 | Z106: мм | AB106: =_xlfn.XLOOKUP(E106,nomen!A:A,nomen!C:C,0) -> 585 | AF106: Россия | AG106: 0.8
A107: 95 | B107: 2037427398104 | C107: Shine systems Microfiber Pad - полировальный круг из микрофибры, 75 мм SS538 | D107: SS538 | E107: SS538 | F107: Shine Systems | H107: Shine systems Microfiber Pad - полировальный круг из микрофибры, 75 мм SS538 | I107: 213.11475 | J107: 0.22 | K107: 260 | L107: 260 | M107: ₽ | N107: 390 | O107: ₽ | S107: 1 | W107: 88 | X107: 88 | Y107: 25 | Z107: мм | AB107: =_xlfn.XLOOKUP(E107,nomen!A:A,nomen!C:C,0) -> 297 | AF107: Россия | AG107: 0.011
A108: 96 | B108: 4673746973042 | C108: Shine systems Glass coat - защитное керамическое покрытие для стёкол, 50 мл SS448 | D108: SS448 | E108: SS448 | F108: Shine Systems | H108: Shine systems Glass coat - защитное керамическое покрытие для стёкол, 50 мл SS448 | I108: 799.18033 | J108: 0.22 | K108: 975 | L108: 975 | M108: ₽ | N108: 1590 | O108: ₽ | S108: 1 | W108: 100 | X108: 100 | Y108: 50 | Z108: мм | AB108: =_xlfn.XLOOKUP(E108,nomen!A:A,nomen!C:C,0) -> 14 | AF108: Россия | AG108: 0.1
...

Sheet Сертификаты и декларации
A1: № | B1: Штрих-код товарной позиции | C1: Номер сертификата или декларации соответствия | D1: Дата регистрации сертификата или декларации соответствия | E1: Дата окончания действия сертификата или декларации соответствия | F1: Ссылка на сертификат или декларацию соответствия в реестре сертификатов и деклараций соответствия | H1: Укажите данные о сертификатах и декларациях. В одной строке должен быть один сертификат или декларация.

Sheet Страны
A1: Страны
A2: Абхазия
A3: Австралия
A4: Австрия
A5: Азербайджан
A6: Албания
A7: Алжир
A8: Американское Самоа
A9: Ангилья
A10: Ангола
A11: Андорра
A12: Антарктида
... A252: Европейский союз

Sheet Единицы измерения
A1: Срок годности
A2: мес
A3: нед
A4: сут, дн
A5: ч

Sheet nomen
A2: SS590 | B2: Shine Systems Glass Applicator - аппликатор для чистки стекла и хрома 6*5*4 см | C2: 10959
A3: SS483 | B3: Shine Systems пакет 38х45 см черный | C3: 6089
A4: SS288 | B4: Shine Systems Waffle Towel - вафельная микрофибра, 40*40см | C4: 5971
A5: SS587 | B5: Shine Systems Easy Dry Max Towel - супервпитывающая микрофибра для сушки кузова 50*80 см | C5: 4935
A6: SS972 | B6: Shine Systems Velvet Towel - вельветовая микрофибра без оверлока, 40*40см | C6: 3995
A7: SS811 | B7: Shine Systems Tire Applicator - аппликатор для чернения резины и пластика | C7: 3796
A8: SS819 | B8: Shine Systems Wash Sponge - губка крупноячеистая для мойки кузова 20*12*6см | C8: 3200
A9: SS410 | B9: Shine Systems Coating Sponge - аппликатор с прорезью для керамики 8*4,5*2 см | C9: 2949
A10: SS485 | B10: Shine Systems Scrab Towel - микрофибра-скраб для химчистки 40*40см | C10: 2935
A11: SS873 | B11: Shine Systems Lint-Free Towel - безворсовая универсальная микрофибра стрейч 40*40 см | C11: 2889
A12: SS884 | B12: Shine Systems Buffing Towel - микрофибра для располировки составов 40*40см | C12: 2747
A13: SS626 | B13: Shine Systems Standart Trigger - распрыскиватель дисперсионный | C13: 2479
... A30: SS310 | B30: Shine Systems Perl Towel - микрофибра с двойным плетением без оверлока 40*40см, 350гр/м2, 3 шт | C30: 1439
B31: Крышка твист топ (пуш-пулл винтовой) 24 | C31: 1430
A32: SS446 | B32: Shine Systems Edgeless Towel Gray - универсальная микрофибра без оверлока 40*40см, 400гр/м2, серая | C32: 1430
A33: SS560 | B33: Shine Systems DA Foam Pad Yellow - полировальный круг антиголограммный желтый, 130 мм | C33: 1344
A34: SS625 | B34: Shine Systems Foam Trigger - распрыскиватель пенный | C34: 1295
A35: SS163 | B35: Shine Systems TireTouch - кисть для ухода за резиной | C35: 1281
A36: SS518 | B36: Shine Systems AirLine SiliconeSpray - универсальная силиконовая смазка, 400 мл | C36: 1261
A37: SS816 | B37: Shine Systems Solvent Trigger (NBR) - профессиональный распрыскиватель для сольвентов и слабощелочных (3-9pH) составов | C37: 1199
A38: SS737 | B38: Shine Systems Ultra Soft Brush - ультрамягкая кисть для детейлинга | C38: 1196
A39: SS548 | B39: Shine Systems RO Foam Pad Yellow - полировальный круг полутвердый желтый, 130 мм | C39: 1195
A40: SS642 | B40: Shine Systems Utility Towel - универсальная микрофибра 30*30см, 10шт | C40: 1161
A41: SS800 | B41: Shine Systems Easy Dry Towel - супервпитывающая микрофибра для сушки кузова 50*60см, 600гр/м2 | C41: 1087
A42: SS534 | B42: Shine Systems Hybrid Pad - гибридный полировальный круг, 130 мм | C42: 1060
A43: SS549 | B43: Shine Systems RO Foam Pad Green - полировальный круг твердый зеленый, 130 мм | C43: 1053
... A48: SS719 | B48: Shine Systems PinkFoam - активный шампунь для бесконтактной мойки, 750 мл | C48: 971
B49: Shine Systems Uni Dry Towel - универсальная супервпитывающая микрофибра 40*40см, 500гр/м2 | C49: 954
A50: SS295 | B50: Shine Systems Masking Tape - малярная лента синяя 18мм*50м | C50: 952
B51: Shine Systems Rim Sponge - губка для мойки дисков и порогов | C51: 951
A52: SS542 | B52: Shine Systems Stripy Wool Pad - полировальный круг из стриженого меха, 130 мм | C52: 947
A53: SS418 | B53: Shine Systems Coating Suede - замша для нанесения керамики 10*10см, 10 шт | C53: 941
A54: SS342 | B54: Shine Systems Masking Tape - малярная лента зеленая 18мм*50м | C54: 939
A55: SS305 | B55: Shine Systems Masking Tape - малярная лента красная 18мм*50м | C55: 929
A56: SS996 | B56: Shine Systems Edgeless Towel Blue - универсальная микрофибра без оверлока 40*40см, 400гр/м2, голубая | C56: 925
B57: Shine Systems этикетка WipeOFF | C57: 904
A58: SS558 | B58: Shine Systems DA Foam Pad Orange - полировальный круг мягкий оранжевый, 130 мм | C58: 901
A59: SS530 | B59: Shine Systems Clay Bar - полировальная глина, 100 гр | C59: 884
A60: SS807 | B60: Shine Systems MotorCleaner - гель-диэлектрик для мойки двигателя, 750 мл | C60: 879
A61: SS554 | B61: Shine Systems DA Foam Pad Yellow - полировальный круг антиголограммный желтый, 155 мм | C61: 869
A62: SS865 | B62: Shine Systems InteriorCleaner - универсальное средство для химчистки, 750 мл | C62: 848
A63: SS857 | B63: Shine Systems InteriorCleaner - универсальное средство для химчистки, 200 мл | C63: 845
A64: SS778 | B64: Shine Systems ScrabMitt - варежка-скраб для химчистки | C64: 844
A65: SS914 | B65: Shine Systems BlackStar - чернитель резины, 750 мл | C65: 842
A66: SS537 | B66: Shine Systems Microfiber Pad - полировальный круг из микрофибры, 130 мм | C66: 839
A67: SS746 | B67: Shine Systems InsectOFF - очиститель следов насекомых, 750 мл | C67: 820
A68: SS564 | B68: Shine Systems DA Foam Pad Purple - полировальный круг твердый лиловый, 75 мм | C68: 817
A69: SS821 | B69: Shine Systems Chenille Wash Mitt - шенилловая рукавица для мойки кузова | C69: 816
... A84: SS621 | B84: Shine Systems Backing pad 125RO - подложка для ротационной машинки, 125 мм | C84: 737
B85: Shine Systems Black Line ZhukOFF - терпеновый очиститель следов насекомых, 400 мл | C85: 734
A86: SS563 | B86: Shine Systems DA Foam Pad Yellow - полировальный круг антиголограммный желтый, 75 мм | C86: 728
A87: SS878 | B87: Shine Systems Glue&StainRemover - мощный очиститель от клея и краски, 750 мл | C87: 727
A88: SS765 | B88: Shine Systems FastQuartz - быстрое супергидрофобное покрытие, 750 мл | C88: 725
A89: SS349 | B89: Shine Systems Masking Tape - малярная лента зеленая 25мм*50м | C89: 705
A90: SS856 | B90: Shine Systems CationicShampoo - наношампунь для ручной мойки автомобиля, 200 мл | C90: 703
A91: SS555 | B91: Shine Systems DA Foam Pad Purple - полировальный круг твердый лиловый, 155 мм | C91: 700
A92: SS723 | B92: Shine Systems IPA PPF - спиртовой обезжириватель, 750 мл | C92: 692
A93: SS547 | B93: Shine Systems RO Foam Pad Orange - полировальный круг мягкий оранжевый, 130 мм | C93: 692
A94: SS599 | B94: Shine Systems плакат А4 "Химчистка колес" | C94: 687
A95: SS597 | B95: Shine Systems плакат А4 "Уход за кожей" | C95: 686
A96: SS861 | B96: Shine Systems Искусственная замша синяя перфорированная 300 гр/м2 | C96: 678
A97: SS267 | B97: Shine Systems Cool Wool Pad - гибридный стриженый мех с терморегулирующим слоем, 130 мм | C97: 677
... A109: SS591 | B109: Shine Systems Tire&Wheel Cleaner - очиститель резины и колес, 900 мл | C109: 627
B110: Shine Systems Лезвие из углеродистой стали, 9 мм, 60 градусов, 10 шт, черные | C110: 624
A111: SSBL965 | B111: Shine Systems Black Line PlasticMatt Lacost - матовый полироль для пластика и винила салона, 400 мл | C111: 621
A112: SS820 | B112: Shine Systems VinylGloss - глянцевый полироль для винила и пластика, 750 мл | C112: 618
A113: SS984 | B113: Shine Systems VinylMatt Berry - матовый полироль для пластика салона, 750 мл | C113: 616
A114: SS806 | B114: Shine Systems MotorCare - консервант подкапотного пространства, 750 мл | C114: 615
A115: SS958 | B115: Shine Systems CherryBomb - автошампунь для ручной мойки, 750 мл | C115: 613
A116: SS771 | B116: Shine Systems OrangeBomb - автошампунь для ручной мойки, 750 мл | C116: 610
A117: SS543 | B117: Shine Systems Stripy Wool Pad - полировальный круг из стриженого меха, 75 мм | C117: 608
A118: SS265 | B118: Shine Systems Yellow Wool Pad - полировальный круг из желтого меха, 130 мм | C118: 606
A119: SS871 | B119: Shine Systems Microfiber Sponge - микрофибровый аппликатор для нанесения составов | C119: 596
A120: SS882 | B120: Shine Systems CationicShampoo - наношампунь для ручной мойки автомобиля, 750 мл | C120: 596
A121: SS664 | B121: Shine Systems LollipopShampoo - ручной автошампунь с эффектом леденца, 200 мл | C121: 589
A122: SS753 | B122: Shine Systems IronOFF Gel - нейтральный очиститель дисков с индикатором, 750 мл | C122: 588
... A129: SS643 | B129: Shine Systems DelicateWash - активный шампунь для деликатной мойки авто, 750 мл | C129: 555
B130: Shine Systems Нож с автостопом и стабилизатором, лезвие 9мм, 30 градусов, сталь SK2 | C130: 554
A131: SS582 | B131: Shine Systems Terry Towel - универсальная микрофибра без оверлока 40*40см, 6 шт | C131: 551
A132: SS577 | B132: Shine Systems GlassPolish - полировальная паста для стекла, 200 мл | C132: 544
A133: SS893 | B133: Shine Systems PPF PreWash - активный шампунь для виниловых и полиуретановых плёнок, 750 мл | C133: 535
A134: SS734 | B134: Shine Systems Check&Prep - антисиликоновый обезжириватель, 750 мл | C134: 533
A135: SSBL985 | B135: Shine Systems Black Line SlideShampoo Banana - шампунь для ручной мойки автомобиля, 400 мл | C135: 522
B136: Shine Systems Лезвие из углеродистой стали, 9 мм, 30 градусов, 10 шт, черные | C136: 515
A137: SS783 | B137: Shine Systems Leather Brush - щетка для чистки кожи с натуральной щетиной | C137: 509
A138: SS864 | B138: Shine Systems VinylMatt Cherry - матовый полироль для пластика салона, 200 мл | C138: 509
A139: SS416 | B139: Shine Systems Nitrile Gloves Diamond - текстурированные ультрапрочные нитриловые перчатки, размер "L", цвет оранжевый 100 шт | C139: 505
A140: SS692 | B140: Shine Systems Универсальная губка для салона авто 200*120*50мм | C140: 503
A141: SS1022 | B141: Shine Systems ActiveBase - активный шампунь для бесконтактной мойки, 900 мл | C141: 500
B142: Коробка ShineSystems 38см*14,5см*25см (Т-23) 5л, 0,9л, 0,75 пуш-пулл | C142: 487
A143: SSBL997 | B143: Shine Systems Black Line InteriorDetailer Macadamia - средство для ухода за интерьером, 400 мл | C143: 486
A144: SSBL977 | B144: Shine Systems Black Line MultiCleaner - универсальное средство для химчистки, 400 мл | C144: 482
A145: SS539 | B145: Shine Systems Black Wool Pad - полировальный круг из черного меха, 155 мм | C145: 481
A146: SS788 | B146: Shine Systems ActiveFoam - активная пена для бесконтактной мойки, 900 мл | C146: 473
A147: SS924 | B147: Shine Systems Detail Brush Kit - набор профессиональных кистей для автомобиля, 3 шт | C147: 473
A148: SS867 | B148: Shine Systems SoftCleaner - нейтральное средство для химчистки с кондиционером, 750 мл | C148: 472
A149: SS431 | B149: Shine Systems FilmON - установочный состав для пленок, 750 мл | C149: 470
A150: SS545 | B150: Shine Systems RO Foam Pad Yellow - полировальный круг полутвердый желтый, 155 мм | C150: 468
A151: SS875 | B151: Shine Systems Lubricant - лубрикант для работы с глиной и автоскрабами, 750 мл | C151: 468
A152: SS687 | B152: Shine Systems MicroSoft Wheel Brush - микрофибровая щетка для чистки дисков, 44 см | C152: 458
...
